call_type,caller_number,contact_number,start_time,end_time
79178542736,79708411678,2025-05-19T14:23:26.5237939,2025-05-19T14:33:25.5237939
02,79708411678,79178542736,2025-05-19T14:23:26.5237939,2025-05-19T14:33:25.5237939
79927351508,79996781943,2025-05-19T14:38:26.5237939,2025-05-19T14:44:05.5237939
02,79996781943,79927351508,2025-05-19T14:38:26.5237939,2025-05-19T14:44:05.5237939
79525773142,79021952968,2025-05-19T14:53:26.5237939,2025-05-19T14:54:38.5237939
02,79021952968,79525773142,2025-05-19T14:53:26.5237939,2025-05-19T14:54:38.5237939
79310053643,79474590471,2025-05-19T15:08:26.5237939,2025-05-19T15:12:52.5237939
02,79474590471,79310053643,2025-05-19T15:08:26.5237939,2025-05-19T15:12:52.5237939
79895825039,79261707411,2025-05-19T15:23:26.5237939,2025-05-19T15:33:07.5237939
02,79261707411,79895825039,2025-05-19T15:23:26.5237939,2025-05-19T15:33:07.5237939
